{
  "args0": [
    {
      "type": "input_value",
      "name": "itemstack",
      "check": "MCItem"
    },
    {
      "type": "field_dropdown",
      "name": "name",
      "options": [
        [
          "Rotten",
          "Rotten"
        ],
        [
          "Food",
          "Food"
        ]
      ]
    }
  ],
  "inputsInline": true,
  "output": "Boolean",
  "colour": "#607c99",
  "mcreator": {
    "toolbox_id": "apple_skin",
    "toolbox_init": [
      "<value name=\"itemstack\"><block type=\"mcitem_all\"><field name=\"value\"></field></block></value>"
    ],
    "inputs": [
      "itemstack"
    ],
    "fields": [
      "name"
    ]
  }
}