{
  "args0": [
    {
      "type": "input_value",
      "name": "Exhaustion",
      "check": "Number"
    },
    {
      "type": "input_value",
      "name": "entity",
      "check": "Entity"
    }
  ],
  "inputsInline": true,
  "previousStatement": null,
  "nextStatement": null,
  "colour": "#609994",
  "mcreator": {
    "toolbox_id": "apple_skin",
    "toolbox_init": [
      "<value name=\"Exhaustion\"><block type=\"math_number\"><field name=\"NUM\">0</field></block></value>",
      "<value name=\"entity\"><block type=\"entity_from_deps\"></block></value>"
    ],
    "inputs": [
      "Exhaustion",
      "entity"
    ]
  }
}