{
  "args0": [
    {
      "type": "input_value",
      "name": "X",
      "check": "Number"
    },
    {
      "type": "input_value",
      "name": "Y",
      "check": "Number"
    },
    {
      "type": "input_value",
      "name": "Z",
      "check": "Number"
    }
  ],
  "inputsInline": true,
  "output": "Number",
  "colour": "#606999",
  "mcreator": {
    "toolbox_id": "create_support",
    "toolbox_init": [
      "<value name=\"X\"><block type=\"coord_x\"></block></value>",
      "<value name=\"Y\"><block type=\"coord_y\"></block></value>",
      "<value name=\"Z\"><block type=\"coord_z\"></block></value>"
    ],
    "inputs": [
      "X",
      "Y",
      "Z"
    ],
    "dependencies": [
      {
        "name": "world",
        "type": "world"
      }
    ]
  }
}