{
  "args0": [
    {
      "type": "input_value",
      "name": "entity",
      "check": "Entity"
    },
    {
      "type": "input_value",
      "name": "player",
      "check": "Entity"
    }
  ],
  "inputsInline": true,
  "previousStatement": null,
  "nextStatement": null,
  "colour": "#607c99",
  "mcreator": {
    "toolbox_id": "carry_on_support",
    "toolbox_init": [
      "<value name=\"entity\"><block type=\"entity_from_deps\"></block></value>",
      "<value name=\"player\"><block type=\"entity_from_deps\"></block></value>"
    ],
    "inputs": [
      "entity",
      "player"
    ]
  }
}