{
  "args0": [
    {
      "type": "input_value",
      "name": "entity",
      "check": "Entity"
    },
    {
      "type": "field_dropdown",
      "name": "name",
      "options": [
        [
          "entity_blacklist",
          "entity_blacklist"
        ],
        [
          "entity_whitelist",
          "entity_whitelist"
        ],
        [
          "stacking_blacklist",
          "stacking_blacklist"
        ],
        [
          "stacking_whitelist",
          "stacking_whitelist"
        ]
      ]
    }
  ],
  "inputsInline": true,
  "output": "Boolean",
  "colour": "#607c99",
  "mcreator": {
    "toolbox_id": "carry_on_support",
    "toolbox_init": [
      "<value name=\"entity\"><block type=\"entity_from_deps\"></block></value>"
    ],
    "inputs": [
      "entity"
    ],
    "fields": [
      "name"
    ]
  }
}