{
  "args0": [
    {
      "type": "input_value",
      "name": "item",
      "check": "MCItem"
    },
    {
      "type": "field_dropdown",
      "name": "name",
      "options": [
        [
          "accepted_music_discs",
          "accepted_music_discs"
        ],
        [
          "accessories",
          "accessories"
        ],
        [
          "aerbunny_temptation_items",
          "aerbunny_temptation_items"
        ],
        [
          "aerclouds",
          "aerclouds"
        ],
        [
          "aerogel",
          "aerogel"
        ],
        [
          "aether_dirt",
          "aether_dirt"
        ],
        [
          "aether_portal_activation_items",
          "aether_portal_activation_items"
        ],
        [
          "angelic_blocks",
          "angelic_blocks"
        ],
        [
          "book_of_lore_materials",
          "book_of_lore_materials"
        ],
        [
          "boss_doorway_dungeon_blocks",
          "boss_doorway_dungeon_blocks"
        ],
        [
          "bronze_dungeon_loot",
          "bronze_dungeon_loot"
        ],
        [
          "candy_cane_repairing",
          "candy_cane_repairing"
        ],
        [
          "crafts_skyroot_planks",
          "crafts_skyroot_planks"
        ],
        [
          "dart_shooters",
          "dart_shooters"
        ],
        [
          "darts",
          "darts"
        ],
        [
          "deployable_parachutes",
          "deployable_parachutes"
        ],
        [
          "dungeon_blocks",
          "dungeon_blocks"
        ],
        [
          "dungeon_keys",
          "dungeon_keys"
        ],
        [
          "flaming_repairing",
          "flaming_repairing"
        ],
        [
          "flying_cow_temptation_items",
          "flying_cow_temptation_items"
        ],
        [
          "freezable_buckets",
          "freezable_buckets"
        ],
        [
          "freezable_pendants",
          "freezable_pendants"
        ],
        [
          "freezable_rings",
          "freezable_rings"
        ],
        [
          "gold_dungeon_loot",
          "gold_dungeon_loot"
        ],
        [
          "golden_amber_harvesters",
          "golden_amber_harvesters"
        ],
        [
          "golden_oak_logs",
          "golden_oak_logs"
        ],
        [
          "gravitite_repairing",
          "gravitite_repairing"
        ],
        [
          "hammer_of_kingbdogz_repairing",
          "hammer_of_kingbdogz_repairing"
        ],
        [
          "hellfire_blocks",
          "hellfire_blocks"
        ],
        [
          "holy_repairing",
          "holy_repairing"
        ],
        [
          "holystone",
          "holystone"
        ],
        [
          "holystone_repairing",
          "holystone_repairing"
        ],
        [
          "ice_repairing",
          "ice_repairing"
        ],
        [
          "lightning_repairing",
          "lightning_repairing"
        ],
        [
          "locked_dungeon_blocks",
          "locked_dungeon_blocks"
        ],
        [
          "milk_bucket_crafting",
          "milk_bucket_crafting"
        ],
        [
          "moa_eggs",
          "moa_eggs"
        ],
        [
          "moa_food_items",
          "moa_food_items"
        ],
        [
          "moa_temptation_items",
          "moa_temptation_items"
        ],
        [
          "neptune_repairing",
          "neptune_repairing"
        ],
        [
          "no_skyroot_double_drops",
          "no_skyroot_double_drops"
        ],
        [
          "obsidian_repairing",
          "obsidian_repairing"
        ],
        [
          "phoenix_repairing",
          "phoenix_repairing"
        ],
        [
          "phyg_temptation_items",
          "phyg_temptation_items"
        ],
        [
          "pig_drops",
          "pig_drops"
        ],
        [
          "pig_slayer_repairing",
          "pig_slayer_repairing"
        ],
        [
          "planks_crafting",
          "planks_crafting"
        ],
        [
          "save_nbt_in_recipe",
          "save_nbt_in_recipe"
        ],
        [
          "sentry_blocks",
          "sentry_blocks"
        ],
        [
          "sentry_repairing",
          "sentry_repairing"
        ],
        [
          "sheepuff_temptation_items",
          "sheepuff_temptation_items"
        ],
        [
          "silver_dungeon_loot",
          "silver_dungeon_loot"
        ],
        [
          "skyroot_logs",
          "skyroot_logs"
        ],
        [
          "skyroot_repairing",
          "skyroot_repairing"
        ],
        [
          "skyroot_stick",
          "skyroot_stick"
        ],
        [
          "skyroot_stick_crafting",
          "skyroot_stick_crafting"
        ],
        [
          "skyroot_tool_crafting",
          "skyroot_tool_crafting"
        ],
        [
          "slider_damaging_items",
          "slider_damaging_items"
        ],
        [
          "swet_balls",
          "swet_balls"
        ],
        [
          "trapped_dungeon_blocks",
          "trapped_dungeon_blocks"
        ],
        [
          "treasure_doorway_dungeon_blocks",
          "treasure_doorway_dungeon_blocks"
        ],
        [
          "treated_as_aether_item",
          "treated_as_aether_item"
        ],
        [
          "valkyrie_repairing",
          "valkyrie_repairing"
        ],
        [
          "vampire_repairing",
          "vampire_repairing"
        ],
        [
          "water_bucket_crafting",
          "water_bucket_crafting"
        ],
        [
          "zanite_repairing",
          "zanite_repairing"
        ]
      ]
    }
  ],
  "inputsInline": true,
  "output": "Boolean",
  "colour": "#607c99",
  "mcreator": {
    "toolbox_id": "aether_support",
    "toolbox_init": [
      "<value name=\"item\"><block type=\"mcitem_all\"><field name=\"value\"></field></block></value>"
    ],
    "inputs": [
      "item"
    ],
    "fields": [
      "name"
    ]
  }
}