{
  "args0": [
    {
      "type": "field_dropdown",
      "name": "name",
      "options": [
        [
          "benches",
          "benches"
        ],
        [
          "bowls",
          "bowls"
        ],
        [
          "chairs",
          "chairs"
        ],
        [
          "corner_trims",
          "corner_trims"
        ],
        [
          "couches",
          "couches"
        ],
        [
          "counters",
          "counters"
        ],
        [
          "crockery",
          "crockery"
        ],
        [
          "crockery_combos",
          "crockery_combos"
        ],
        [
          "cupboards",
          "cupboards"
        ],
        [
          "cups",
          "cups"
        ],
        [
          "cushions",
          "cushions"
        ],
        [
          "desks",
          "desks"
        ],
        [
          "dining_benches",
          "dining_benches"
        ],
        [
          "drawers",
          "drawers"
        ],
        [
          "fancy_beds",
          "fancy_beds"
        ],
        [
          "hanging_trophies",
          "hanging_trophies"
        ],
        [
          "metal_benches",
          "metal_benches"
        ],
        [
          "nightstands",
          "nightstands"
        ],
        [
          "pillar_trims",
          "pillar_trims"
        ],
        [
          "plates",
          "plates"
        ],
        [
          "pots",
          "pots"
        ],
        [
          "shelves",
          "shelves"
        ],
        [
          "side_tables",
          "side_tables"
        ],
        [
          "statue_trophies",
          "statue_trophies"
        ],
        [
          "table_connectable",
          "table_connectable"
        ],
        [
          "tables",
          "tables"
        ],
        [
          "trims",
          "trims"
        ],
        [
          "trophies",
          "trophies"
        ],
        [
          "wall_trophies",
          "wall_trophies"
        ],
        [
          "wooden_benches",
          "wooden_benches"
        ]
      ]
    },
    {
      "type": "input_value",
      "name": "item",
      "check": "MCItem"
    }
  ],
  "inputsInline": true,
  "output": "Boolean",
  "colour": "#607c99",
  "mcreator": {
    "toolbox_id": "handcrafted_support",
    "toolbox_init": [
      "<value name=\"item\"><block type=\"mcitem_all\"><field name=\"value\"></field></block></value>"
    ],
    "inputs": [
      "item"
    ],
    "fields": [
      "name"
    ]
  }
}