{
  "args0": [
    {
      "type": "field_dropdown",
      "name": "name",
      "options": [
        [
          "aether_music",
          "aether_music"
        ],
        [
          "crimson_nylium_conversion",
          "crimson_nylium_conversion"
        ],
        [
          "display_travel_text",
          "display_travel_text"
        ],
        [
          "fall_to_overworld",
          "fall_to_overworld"
        ],
        [
          "is_aether",
          "is_aether"
        ],
        [
          "mycelium_conversion",
          "mycelium_conversion"
        ],
        [
          "no_wheat_seeds",
          "no_wheat_seeds"
        ],
        [
          "podzol_conversion",
          "podzol_conversion"
        ],
        [
          "ultracold",
          "ultracold"
        ],
        [
          "ultracold",
          "ultracold"
        ]
      ]
    },
    {
      "type": "input_value",
      "name": "X",
      "check": "Number"
    },
    {
      "type": "input_value",
      "name": "Y",
      "check": "Number"
    },
    {
      "type": "input_value",
      "name": "Z",
      "check": "Number"
    }
  ],
  "inputsInline": true,
  "output": "Boolean",
  "colour": "#607c99",
  "mcreator": {
    "toolbox_id": "aether_support",
    "toolbox_init": [
      "<value name=\"X\"><block type=\"coord_x\"></block></value>",
      "<value name=\"Y\"><block type=\"coord_y\"></block></value>",
      "<value name=\"Z\"><block type=\"coord_z\"></block></value>"
    ],
    "inputs": [
      "X",
      "Y",
      "Z"
    ],
    "fields": [
      "name"
    ]
  }
}