{
  "args0": [
    {
      "type": "field_dropdown",
      "name": "name",
      "options": [
        [
          "above_bypasses_seat_check",
          "above_bypasses_seat_check"
        ],
        [
          "awnings",
          "awnings"
        ],
        [
          "benches",
          "benches"
        ],
        [
          "can_use_shutters_through",
          "can_use_shutters_through"
        ],
        [
          "chairs",
          "chairs"
        ],
        [
          "chairs_tuckable_under",
          "chairs_tuckable_under"
        ],
        [
          "curtains",
          "curtains"
        ],
        [
          "dont_connect_to_panes",
          "dont_connect_to_panes"
        ],
        [
          "drawers",
          "drawers"
        ],
        [
          "flower_boxes",
          "flower_boxes"
        ],
        [
          "grandfather_clocks",
          "grandfather_clocks"
        ],
        [
          "lamp_connectors",
          "lamp_connectors"
        ],
        [
          "lamps",
          "lamps"
        ],
        [
          "lattices",
          "lattices"
        ],
        [
          "shelves",
          "shelves"
        ],
        [
          "shutters",
          "shutters"
        ],
        [
          "sofas",
          "sofas"
        ],
        [
          "stools",
          "stools"
        ],
        [
          "table_connectable",
          "table_connectable"
        ],
        [
          "tables",
          "tables"
        ],
        [
          "tall_stools",
          "tall_stools"
        ]
      ]
    },
    {
      "type": "input_value",
      "name": "item",
      "check": "MCItem"
    }
  ],
  "inputsInline": true,
  "output": "Boolean",
  "colour": "#607c99",
  "mcreator": {
    "toolbox_id": "another_furniture_support",
    "toolbox_init": [
      "<value name=\"item\"><block type=\"mcitem_all\"><field name=\"value\"></field></block></value>"
    ],
    "inputs": [
      "item"
    ],
    "fields": [
      "name"
    ]
  }
}