{
  "args0": [
    {
      "type": "input_value",
      "name": "item",
      "check": "MCItem"
    },
    {
      "type": "field_dropdown",
      "name": "name",
      "options": [
        [
          "find_cold_biomes",
          "find_cold_biomes"
        ],
        [
          "find_hot_biomes",
          "find_hot_biomes"
        ],
        [
          "find_humid_biomes",
          "find_humid_biomes"
        ],
        [
          "taming",
          "taming"
        ]
      ]
    }
  ],
  "inputsInline": true,
  "output": "Boolean",
  "colour": "#607c99",
  "mcreator": {
    "toolbox_id": "cold_sweat_support",
    "toolbox_init": [
      "<value name=\"item\"><block type=\"mcitem_all\"><field name=\"value\"></field></block></value>"
    ],
    "inputs": [
      "item"
    ],
    "fields": [
      "name"
    ]
  }
}