{
  "args0": [
    {
      "type": "field_dropdown",
      "name": "name",
      "options": [
        [
          "blacklisted_biomes",
          "blacklisted_biomes"
        ],
        [
          "infertile_biomes",
          "infertile_biomes"
        ],
        [
          "lesser_color_change_biomes",
          "lesser_color_change_biomes"
        ],
        [
          "tropical_biomes",
          "tropical_biomes"
        ]
      ]
    },
    {
      "type": "input_value",
      "name": "X",
      "check": "Number"
    },
    {
      "type": "input_value",
      "name": "Y",
      "check": "Number"
    },
    {
      "type": "input_value",
      "name": "Z",
      "check": "Number"
    }
  ],
  "inputsInline": true,
  "output": "Boolean",
  "colour": "#607c99",
  "mcreator": {
    "toolbox_id": "serene_seasons_support",
    "toolbox_init": [
      "<value name=\"X\"><block type=\"coord_x\"></block></value>",
      "<value name=\"Y\"><block type=\"coord_y\"></block></value>",
      "<value name=\"Z\"><block type=\"coord_z\"></block></value>"
    ],
    "inputs": [
      "X",
      "Y",
      "Z"
    ],
    "fields": [
      "name"
    ]
  }
}