{
  "args0": [
    {
      "type": "input_value",
      "name": "item",
      "check": "MCItem"
    },
    {
      "type": "field_dropdown",
      "name": "name",
      "options": [
        [
          "capes",
          "capes"
        ],
        [
          "gloves",
          "gloves"
        ],
        [
          "miscellaneous",
          "miscellaneous"
        ],
        [
          "pendants",
          "pendants"
        ],
        [
          "rings",
          "rings"
        ],
        [
          "shields",
          "shields"
        ]
      ]
    }
  ],
  "inputsInline": true,
  "output": "Boolean",
  "colour": "#607c99",
  "mcreator": {
    "toolbox_id": "aether_support",
    "toolbox_init": [
      "<value name=\"item\"><block type=\"mcitem_all\"><field name=\"value\"></field></block></value>"
    ],
    "inputs": [
      "item"
    ],
    "fields": [
      "name"
    ]
  }
}