{
  "args0": [
    {
      "type": "input_value",
      "name": "item",
      "check": "MCItem"
    },
    {
      "type": "field_dropdown",
      "name": "name",
      "options": [
        [
          "vegetables",
          "vegetables"
        ],
        [
          "salad_ingredients",
          "salad_ingredients"
        ],
        [
          "raw_pork",
          "raw_pork"
        ],
        [
          "raw_mutton",
          "raw_mutton"
        ],
        [
          "raw_fishes",
          "raw_fishes"
        ],
        [
          "raw_chicken",
          "raw_chicken"
        ],
        [
          "raw_beef",
          "raw_beef"
        ],
        [
          "raw_bacon",
          "raw_bacon"
        ],
        [
          "pasta",
          "pasta"
        ],
        [
          "milk",
          "milk"
        ],
        [
          "grain",
          "grain"
        ],
        [
          "eggs",
          "eggs"
        ],
        [
          "dough",
          "dough"
        ],
        [
          "crops",
          "crops"
        ],
        [
          "cooked_pork",
          "cooked_pork"
        ],
        [
          "cooked_mutton",
          "cooked_mutton"
        ],
        [
          "cooked_fishes",
          "cooked_fishes"
        ],
        [
          "cooked_eggs",
          "cooked_eggs"
        ],
        [
          "cooked_chicken",
          "cooked_chicken"
        ],
        [
          "cooked_beef",
          "cooked_beef"
        ],
        [
          "cooked_bacon",
          "cooked_bacon"
        ],
        [
          "bread",
          "bread"
        ],
        [
          "berries",
          "berries"
        ]
      ]
    }
  ],
  "inputsInline": true,
  "output": "Boolean",
  "colour": "#607c99",
  "mcreator": {
    "toolbox_id": "farmers_delight",
    "toolbox_init": [
      "<value name=\"item\"><block type=\"mcitem_all\"><field name=\"value\"></field></block></value>"
    ],
    "inputs": [
      "item"
    ],
    "fields": [
      "name"
    ]
  }
}