{
  "args0": [
    {
      "type": "input_value",
      "name": "item",
      "check": "MCItem"
    },
    {
      "type": "field_dropdown",
      "name": "name",
      "options": [
        [
          "bobber",
          "bobber"
        ],
        [
          "fishing_line",
          "fishing_line"
        ],
        [
          "tackle_box",
          "tackle_box"
        ],
        [
          "turtle",
          "turtle"
        ],
        [
          "turtle_edible",
          "turtle_edible"
        ]
      ]
    }
  ],
  "inputsInline": true,
  "output": "Boolean",
  "colour": "#607c99",
  "mcreator": {
    "toolbox_id": "aquaculture__support",
    "toolbox_init": [
      "<value name=\"item\"><block type=\"mcitem_all\"><field name=\"value\"></field></block></value>"
    ],
    "inputs": [
      "item"
    ],
    "fields": [
      "name"
    ]
  }
}