{
  "args0": [
    {
      "type": "input_value",
      "name": "item",
      "check": "MCItem"
    },
    {
      "type": "field_dropdown",
      "name": "name",
      "options": [
        [
          "wild_crops",
          "wild_crops"
        ],
        [
          "serving_containers",
          "serving_containers"
        ],
        [
          "flat_on_cutting_board",
          "flat_on_cutting_board"
        ],
        [
          "cabinets",
          "cabinets"
        ]
      ]
    }
  ],
  "inputsInline": true,
  "output": "Boolean",
  "colour": "#607c99",
  "mcreator": {
    "toolbox_id": "farmers_delight",
    "toolbox_init": [
      "<value name=\"item\"><block type=\"mcitem_all\"><field name=\"value\"></field></block></value>"
    ],
    "inputs": [
      "item"
    ],
    "fields": [
      "name"
    ]
  }
}