{
  "args0": [
    {
      "type": "input_value",
      "name": "item",
      "check": "MCItem"
    },
    {
      "type": "field_dropdown",
      "name": "name",
      "options": [
        [
          "arctic_fur",
          "arctic_fur"
        ],
        [
          "banned_uncraftables",
          "banned_uncraftables"
        ],
        [
          "banned_uncrafting_ingredients",
          "banned_uncrafting_ingredients"
        ],
        [
          "canopy_logs",
          "canopy_logs"
        ],
        [
          "darkwood_logs",
          "darkwood_logs"
        ],
        [
          "fiery_vial",
          "fiery_vial"
        ],
        [
          "kept_on_death",
          "kept_on_death"
        ],
        [
          "kobold_pacification_breads",
          "kobold_pacification_breads"
        ],
        [
          "logs",
          "logs"
        ],
        [
          "mangrove_logs",
          "mangrove_logs"
        ],
        [
          "mining_logs",
          "mining_logs"
        ],
        [
          "nyi",
          "nyi"
        ],
        [
          "sortwood_logs",
          "sortwood_logs"
        ],
        [
          "timewood_logs",
          "timewood_logs"
        ],
        [
          "towerwood",
          "towerwood"
        ],
        [
          "transwood_logs",
          "transwood_logs"
        ],
        [
          "twilight_oak_logs",
          "twilight_oak_logs"
        ],
        [
          "uncrafting_ignores_cost",
          "uncrafting_ignores_cost"
        ],
        [
          "wip",
          "wip"
        ]
      ]
    }
  ],
  "inputsInline": true,
  "output": "Boolean",
  "colour": "#607c99",
  "mcreator": {
    "toolbox_id": "twilight_forest_support",
    "toolbox_init": [
      "<value name=\"item\"><block type=\"mcitem_all\"><field name=\"value\"></field></block></value>"
    ],
    "inputs": [
      "item"
    ],
    "fields": [
      "name"
    ]
  }
}