{
  "args0": [
    {
      "type": "field_dropdown",
      "name": "name",
      "options": [
        [
          "cooling",
          "cooling"
        ],
        [
          "heating",
          "heating"
        ],
        [
          "passable",
          "passable"
        ]
      ]
    },
    {
      "type": "input_value",
      "name": "block",
      "check": "MCItemBlock"
    }
  ],
  "inputsInline": true,
  "output": "Boolean",
  "colour": "#607c9c",
  "mcreator": {
    "toolbox_id": "tought_as_nails",
    "toolbox_init": [
      "<value name=\"block\"><block type=\"mcitem_allblocks\"><field name=\"value\"></field></block></value>"
    ],
    "inputs": [
      "block"
    ],
    "fields": [
      "name"
    ]
  }
}