{
  "args0": [
    {
      "type": "field_dropdown",
      "name": "name",
      "options": [
        [
          "dazzling",
          "dazzling"
        ],
        [
          "ethereal",
          "ethereal"
        ],
        [
          "poise",
          "poise"
        ],
        [
          "serene",
          "serene"
        ],
        [
          "verdant",
          "verdant"
        ]
      ]
    },
    {
      "type": "input_value",
      "name": "X",
      "check": "Number"
    },
    {
      "type": "input_value",
      "name": "Y",
      "check": "Number"
    },
    {
      "type": "input_value",
      "name": "Z",
      "check": "Number"
    }
  ],
  "inputsInline": true,
  "output": "Boolean",
  "colour": "#607c99",
  "mcreator": {
    "toolbox_id": "enlightend_support",
    "toolbox_init": [
      "<value name=\"X\"><block type=\"coord_x\"></block></value>",
      "<value name=\"Y\"><block type=\"coord_y\"></block></value>",
      "<value name=\"Z\"><block type=\"coord_z\"></block></value>"
    ],
    "inputs": [
      "X",
      "Y",
      "Z"
    ],
    "fields": [
      "name"
    ]
  }
}