{
  "args0": [
    {
      "type": "input_value",
      "name": "entity",
      "check": "Entity"
    },
    {
      "type": "field_dropdown",
      "name": "name",
      "options": [
        [
          "anaconda",
          "anaconda"
        ],
        [
          "bald_eagle",
          "bald_eagle"
        ],
        [
          "cachalot_whale",
          "cachalot_whale"
        ],
        [
          "caiman",
          "caiman"
        ],
        [
          "crimson_mosquito",
          "crimson_mosquito"
        ],
        [
          "crocodile",
          "crocodile"
        ],
        [
          "fly_annoy",
          "fly_annoy"
        ],
        [
          "fly_hurt",
          "fly_hurt"
        ],
        [
          "froststalker",
          "froststalker"
        ],
        [
          "giant_squid",
          "giant_squid"
        ],
        [
          "komodo_dragon",
          "komodo_dragon"
        ],
        [
          "mantis_shrimp",
          "mantis_shrimp"
        ],
        [
          "orca",
          "orca"
        ],
        [
          "snow_leopard",
          "snow_leopard"
        ],
        [
          "sunbird_scorch",
          "sunbird_scorch"
        ],
        [
          "tiger",
          "tiger"
        ],
        [
          "warped_toad",
          "warped_toad"
        ]
      ]
    }
  ],
  "inputsInline": true,
  "output": "Boolean",
  "colour": "#607c99",
  "mcreator": {
    "toolbox_id": "alexs_mobs_support",
    "toolbox_init": [
      "<value name=\"entity\"><block type=\"entity_from_deps\"></block></value>"
    ],
    "inputs": [
      "entity"
    ],
    "fields": [
      "name"
    ]
  }
}