{
  "args0": [
    {
      "type": "input_value",
      "name": "item",
      "check": "MCItem"
    },
    {
      "type": "field_dropdown",
      "name": "name",
      "options": [
        [
          "arcane_crystal_ores",
          "arcane_crystal_ores"
        ],
        [
          "black_hole_unaffected",
          "black_hole_unaffected"
        ],
        [
          "blacksmith_gavel",
          "blacksmith_gavel"
        ],
        [
          "edelwood_logs",
          "edelwood_logs"
        ],
        [
          "fungyss_stems",
          "fungyss_stems"
        ],
        [
          "magical_farmland_blacklisted",
          "magical_farmland_blacklisted"
        ],
        [
          "mysterywood_logs",
          "mysterywood_logs"
        ],
        [
          "obsidian_skulls",
          "obsidian_skulls"
        ],
        [
          "rune_blocks",
          "rune_blocks"
        ],
        [
          "runic_stones",
          "runic_stones"
        ]
      ]
    }
  ],
  "inputsInline": true,
  "output": "Boolean",
  "colour": "#607c99",
  "mcreator": {
    "toolbox_id": "forbidden_arcanus",
    "toolbox_init": [
      "<value name=\"item\"><block type=\"mcitem_all\"><field name=\"value\"></field></block></value>"
    ],
    "inputs": [
      "item"
    ],
    "fields": [
      "name"
    ]
  }
}