{
  "args0": [
    {
      "type": "field_dropdown",
      "name": "name",
      "options": [
        [
          "grizzly",
          "grizzly"
        ],
        [
          "gorilla",
          "gorilla"
        ],
        [
          "elephant",
          "elephant"
        ],
        [
          "crow",
          "crow"
        ],
        [
          "blue_jay",
          "blue_jay"
        ],
        [
          "platypus",
          "platypus"
        ],
        [
          "raccoon",
          "raccoon"
        ],
        [
          "seal",
          "seal"
        ],
        [
          "shoebill",
          "shoebill"
        ]
      ]
    },
    {
      "type": "input_value",
      "name": "item",
      "check": "MCItem"
    }
  ],
  "inputsInline": true,
  "output": "Boolean",
  "colour": "#607c99",
  "mcreator": {
    "toolbox_id": "alexs_mobs_support",
    "toolbox_init": [
      "<value name=\"item\"><block type=\"mcitem_all\"><field name=\"value\"></field></block></value>"
    ],
    "inputs": [
      "item"
    ],
    "fields": [
      "name"
    ]
  }
}