{
  "args0": [
    {
      "type": "input_value",
      "name": "entity",
      "check": "Entity"
    },
    {
      "type": "field_dropdown",
      "name": "name",
      "options": [
        [
          "deflectable_projectiles",
          "deflectable_projectiles"
        ],
        [
          "dungeon_entities",
          "dungeon_entities"
        ],
        [
          "fire_mob",
          "fire_mob"
        ],
        [
          "ignore_invisibility",
          "ignore_invisibility"
        ],
        [
          "no_ambrosium_drops",
          "no_ambrosium_drops"
        ],
        [
          "no_candy_cane_drops",
          "no_candy_cane_drops"
        ],
        [
          "no_skyroot_double_drops",
          "no_skyroot_double_drops"
        ],
        [
          "pigs",
          "pigs"
        ],
        [
          "slider_damaging_projectiles",
          "slider_damaging_projectiles"
        ],
        [
          "swets",
          "swets"
        ],
        [
          "treated_as_aether_entity",
          "treated_as_aether_entity"
        ],
        [
          "treated_as_vanilla_entity",
          "treated_as_vanilla_entity"
        ],
        [
          "unhookable",
          "unhookable"
        ],
        [
          "unlaunchable",
          "unlaunchable"
        ],
        [
          "whirlwind_unaffected",
          "whirlwind_unaffected"
        ]
      ]
    }
  ],
  "inputsInline": true,
  "output": "Boolean",
  "colour": "#607c99",
  "mcreator": {
    "toolbox_id": "aether_support",
    "toolbox_init": [
      "<value name=\"entity\"><block type=\"entity_from_deps\"></block></value>"
    ],
    "inputs": [
      "entity"
    ],
    "fields": [
      "name"
    ]
  }
}