{
  "args0": [
    {
      "type": "input_value",
      "name": "item",
      "check": "MCItem"
    },
    {
      "type": "field_dropdown",
      "name": "name",
      "options": [
        [
          "aeronos_caps",
          "aeronos_caps"
        ],
        [
          "cable_ducts",
          "cable_ducts"
        ],
        [
          "calorite_blocks",
          "calorite_blocks"
        ],
        [
          "calorite_ingots",
          "calorite_ingots"
        ],
        [
          "calorite_nuggets",
          "calorite_nuggets"
        ],
        [
          "calorite_plates",
          "calorite_plates"
        ],
        [
          "desh_blocks",
          "desh_blocks"
        ],
        [
          "desh_ingots",
          "desh_ingots"
        ],
        [
          "desh_nuggets",
          "desh_nuggets"
        ],
        [
          "desh_plates",
          "desh_plates"
        ],
        [
          "destroyed_in_space",
          "destroyed_in_space"
        ],
        [
          "flags",
          "flags"
        ],
        [
          "fluid_pipe_ducts",
          "fluid_pipe_ducts"
        ],
        [
          "freeze_resistant_armor",
          "freeze_resistant_armor"
        ],
        [
          "glacian_logs",
          "glacian_logs"
        ],
        [
          "globes",
          "globes"
        ],
        [
          "heat_resistant_armor",
          "heat_resistant_armor"
        ],
        [
          "held_over_head",
          "held_over_head"
        ],
        [
          "iron_plates",
          "iron_plates"
        ],
        [
          "iron_rods",
          "iron_rods"
        ],
        [
          "jet_suit_items",
          "jet_suit_items"
        ],
        [
          "netherite_space_suit_items",
          "netherite_space_suit_items"
        ],
        [
          "ostrum_blocks",
          "ostrum_blocks"
        ],
        [
          "ostrum_ingots",
          "ostrum_ingots"
        ],
        [
          "ostrum_nuggets",
          "ostrum_nuggets"
        ],
        [
          "ostrum_plates",
          "ostrum_plates"
        ],
        [
          "raw_calorite",
          "raw_calorite"
        ],
        [
          "raw_calorite_blocks",
          "raw_calorite_blocks"
        ],
        [
          "raw_desh",
          "raw_desh"
        ],
        [
          "raw_desh_blocks",
          "raw_desh_blocks"
        ],
        [
          "raw_ostrum",
          "raw_ostrum"
        ],
        [
          "raw_ostrum_blocks",
          "raw_ostrum_blocks"
        ],
        [
          "sliding_doors",
          "sliding_doors"
        ],
        [
          "space_suit_items",
          "space_suit_items"
        ],
        [
          "steel_blocks",
          "steel_blocks"
        ],
        [
          "steel_ingots",
          "steel_ingots"
        ],
        [
          "steel_nuggets",
          "steel_nuggets"
        ],
        [
          "steel_plates",
          "steel_plates"
        ],
        [
          "steel_rods",
          "steel_rods"
        ],
        [
          "strophar_caps",
          "strophar_caps"
        ]
      ]
    }
  ],
  "inputsInline": true,
  "output": "Boolean",
  "colour": "#607c99",
  "mcreator": {
    "toolbox_id": "ad_astra_support",
    "toolbox_init": [
      "<value name=\"item\"><block type=\"mcitem_all\"><field name=\"value\"></field></block></value>"
    ],
    "inputs": [
      "item"
    ],
    "fields": [
      "name"
    ]
  }
}