{
  "args0": [
    {
      "type": "input_value",
      "name": "entity",
      "check": "Entity"
    },
    {
      "type": "field_dropdown",
      "name": "name",
      "options": [
        [
          "amber_monolith_skips",
          "amber_monolith_skips"
        ],
        [
          "dinosaurs",
          "dinosaurs"
        ],
        [
          "ferromagnetic_entities",
          "ferromagnetic_entities"
        ],
        [
          "forsaken_ignores",
          "forsaken_ignores"
        ],
        [
          "moth_dust_enrages",
          "moth_dust_enrages"
        ],
        [
          "notor_ignores",
          "notor_ignores"
        ],
        [
          "seafloor_denizens",
          "seafloor_denizens"
        ],
        [
          "subterranodon_flees",
          "subterranodon_flees"
        ],
        [
          "vallumraptor_targets",
          "vallumraptor_targets"
        ],
        [
          "weak_to_acid",
          "weak_to_acid"
        ],
        [
          "weak_to_forsaken_sonic_attack",
          "weak_to_forsaken_sonic_attack"
        ]
      ]
    }
  ],
  "inputsInline": true,
  "output": "Boolean",
  "colour": "#607c99",
  "mcreator": {
    "toolbox_id": "alexs_caves_support",
    "toolbox_init": [
      "<value name=\"entity\"><block type=\"entity_from_deps\"></block></value>"
    ],
    "inputs": [
      "entity"
    ],
    "fields": [
      "name"
    ]
  }
}