{
  "args0": [
    {
      "type": "input_value",
      "name": "item",
      "check": "MCItem"
    },
    {
      "type": "field_dropdown",
      "name": "name",
      "options": [
        [
          "bismuth_gleam",
          "bismuth_gleam"
        ],
        [
          "cerulean_logs",
          "cerulean_logs"
        ],
        [
          "cerulean_stalk_blocks",
          "cerulean_stalk_blocks"
        ],
        [
          "extreme_radioactive",
          "extreme_radioactive"
        ],
        [
          "high_radioactive",
          "high_radioactive"
        ],
        [
          "indigo_stems",
          "indigo_stems"
        ],
        [
          "indigo_stems_items",
          "indigo_stems_items"
        ],
        [
          "low_radioactive",
          "low_radioactive"
        ],
        [
          "medium_radioactive",
          "medium_radioactive"
        ],
        [
          "sacrificeable_items",
          "sacrificeable_items"
        ]
      ]
    }
  ],
  "inputsInline": true,
  "output": "Boolean",
  "colour": "#607c99",
  "mcreator": {
    "toolbox_id": "enlightend_support",
    "toolbox_init": [
      "<value name=\"item\"><block type=\"mcitem_all\"><field name=\"value\"></field></block></value>"
    ],
    "inputs": [
      "item"
    ],
    "fields": [
      "name"
    ]
  }
}