{
  "args0": [
    {
      "type": "input_value",
      "name": "entity",
      "check": "Entity"
    },
    {
      "type": "field_dropdown",
      "name": "name",
      "options": [
        [
          "cyclops_unliftables",
          "cyclops_unliftables"
        ],
        [
          "dragon_targets",
          "dragon_targets"
        ],
        [
          "fear_dragons",
          "fear_dragons"
        ],
        [
          "fire_dragon_targets",
          "fire_dragon_targets"
        ],
        [
          "ice_dragon_targets",
          "ice_dragon_targets"
        ],
        [
          "immune_to_gorgon_stone",
          "immune_to_gorgon_stone"
        ],
        [
          "lightning_dragon_targets",
          "lightning_dragon_targets"
        ],
        [
          "scares_cockatrices",
          "scares_cockatrices"
        ]
      ]
    }
  ],
  "inputsInline": true,
  "output": "Boolean",
  "colour": "#607c99",
  "mcreator": {
    "toolbox_id": "ice_and_fire_support",
    "toolbox_init": [
      "<value name=\"entity\"><block type=\"entity_from_deps\"></block></value>"
    ],
    "inputs": [
      "entity"
    ],
    "fields": [
      "name"
    ]
  }
}