{
  "args0": [
    {
      "type": "input_value",
      "name": "item",
      "check": "MCItem"
    },
    {
      "type": "field_dropdown",
      "name": "name",
      "options": [
        [
          "bald_eagle_tameables",
          "bald_eagle_tameables"
        ],
        [
          "bananas",
          "bananas"
        ],
        [
          "grizzly_honey",
          "grizzly_honey"
        ],
        [
          "insect_items",
          "insect_items"
        ],
        [
          "raccoon_dissolves",
          "raccoon_dissolves"
        ],
        [
          "shrimp_rice_fryables",
          "shrimp_rice_fryables"
        ],
        [
          "tiger_breedables",
          "tiger_breedables"
        ],
        [
          "underminer_ores",
          "underminer_ores"
        ]
      ]
    }
  ],
  "inputsInline": true,
  "output": "Boolean",
  "colour": "#607c99",
  "mcreator": {
    "toolbox_id": "alexs_mobs_support",
    "toolbox_init": [
      "<value name=\"item\"><block type=\"mcitem_all\"><field name=\"value\"></field></block></value>"
    ],
    "inputs": [
      "item"
    ],
    "fields": [
      "name"
    ]
  }
}