{
  "args0": [
    {
      "type": "input_value",
      "name": "item",
      "check": "MCItem"
    },
    {
      "type": "field_dropdown",
      "name": "name",
      "options": [
        [
          "aquatic",
          "aquatic"
        ],
        [
          "blinding",
          "blinding"
        ],
        [
          "illager_teleportable",
          "illager_teleportable"
        ],
        [
          "life",
          "life"
        ],
        [
          "nature",
          "nature"
        ],
        [
          "poison",
          "poison"
        ]
      ]
    }
  ],
  "inputsInline": true,
  "previousStatement": null,
  "nextStatement": null,
  "colour": "#607c99",
  "mcreator": {
    "toolbox_id": "blue_skies_support",
    "toolbox_init": [
      "<value name=\"item\"><block type=\"mcitem_all\"><field name=\"value\"></field></block></value>"
    ],
    "inputs": [
      "item"
    ],
    "fields": [
      "name"
    ]
  }
}