{
  "args0": [
    {
      "type": "input_value",
      "name": "item",
      "check": "MCItem"
    },
    {
      "type": "field_dropdown",
      "name": "name",
      "options": [
        [
          "cloggrum_items",
          "cloggrum_items"
        ],
        [
          "froststeel_items",
          "froststeel_items"
        ],
        [
          "grongle_logs",
          "grongle_logs"
        ],
        [
          "mushrooms",
          "mushrooms"
        ],
        [
          "smogstem_logs",
          "smogstem_logs"
        ],
        [
          "utherium_items",
          "utherium_items"
        ],
        [
          "wigglewood_logs",
          "wigglewood_logs"
        ]
      ]
    }
  ],
  "inputsInline": true,
  "output": "Boolean",
  "colour": "#607c99",
  "mcreator": {
    "toolbox_id": "undergarden_support",
    "toolbox_init": [
      "<value name=\"item\"><block type=\"mcitem_all\"><field name=\"value\"></field></block></value>"
    ],
    "inputs": [
      "item"
    ],
    "fields": [
      "name"
    ]
  }
}