{
  "args0": [
    {
      "type": "input_value",
      "name": "block",
      "check": "MCItemBlock"
    },
    {
      "type": "field_dropdown",
      "name": "name",
      "options": [
        [
          "autumn_crop",
          "autumn_crop"
        ],
        [
          "spring_crop",
          "spring_crop"
        ],
        [
          "summer_crop",
          "summer_crop"
        ],
        [
          "winter_crop",
          "winter_crop"
        ]
      ]
    }
  ],
  "inputsInline": true,
  "output": "Boolean",
  "colour": "#607c99",
  "mcreator": {
    "toolbox_id": "serene_seasons_support",
    "toolbox_init": [
      "<value name=\"block\"><block type=\"mcitem_allblocks\"><field name=\"value\"></field></block></value>"
    ],
    "inputs": [
      "block"
    ],
    "fields": [
      "name"
    ]
  }
}