{
  "args0": [
    {
      "type": "field_data_list_selector",
      "name": "gui",
      "datalist": "moddedscreens"
    },
    {
      "type": "input_value",
      "name": "entity",
      "check": "Entity"
    }
  ],
  "inputsInline": true,
  "output": "Boolean",
  "colour": "#606999",
  "mcreator": {
    "toolbox_id": "additionally",
    "toolbox_init": [
      "<value name=\"entity\"><block type=\"entity_from_deps\"></block></value>"
    ],
    "inputs": [
      "entity"
    ],
    "fields": [
      "gui"
    ]
  }
}