{
  "args0": [
    {
      "type": "field_dropdown",
      "name": "name",
      "options": [
        [
          "Started",
          "Started"
        ],
        [
          "Finished",
          "Finished"
        ]
      ]
    },
    {
      "type": "input_value",
      "name": "entity",
      "check": "Entity"
    },
    {
      "type": "input_value",
      "name": "id",
      "check": "String"
    },
    {
      "type": "input_value",
      "name": "level",
      "check": "Number"
    }
  ],
  "inputsInline": true,
  "previousStatement": null,
  "nextStatement": null,
  "colour": "#609994",
  "mcreator": {
    "toolbox_id": "irons_spellsn_spellbooks_support",
    "toolbox_init": [
      "<value name=\"entity\"><block type=\"entity_from_deps\"></block></value>",
      "<value name=\"id\"><block type=\"text\"><field name=\"TEXT\">text</field></block></value>",
      "<value name=\"level\"><block type=\"math_number\"><field name=\"NUM\">1</field></block></value>"
    ],
    "inputs": [
      "entity",
      "id",
      "level"
    ],
    "fields": [
      "name"
    ]
  }
}