{
  "args0": [
    {
      "type": "field_input",
      "name": "name",
      "text": "name"
    },
    {
      "type": "input_statement",
      "name": "do"
    },
    {
      "type": "field_data_list_selector",
      "name": "list",
      "datalist": "load"
    }
  ],
  "inputsInline": true,
  "previousStatement": null,
  "nextStatement": null,
  "colour": "#607c99",
  "mcreator": {
    "toolbox_id": "additionally",
    "toolbox_init": [
    ],
    "fields": [
      "name",
      "list"
    ],
    "statements": [
      {
        "name": "do",
        "disable_local_variables": false
      }
    ]
  }
}