{
  "args0": [
    {
      "type": "field_input",
      "name": "name",
      "text": "name"
    },
    {
      "type": "input_value",
      "name": "location",
      "check": "String"
    },
    {
      "type": "field_data_list_selector",
      "name": "list",
      "datalist": "load"
    }
  ],
  "inputsInline": true,
  "previousStatement": null,
  "nextStatement": null,
  "colour": "#607c99",
  "mcreator": {
    "toolbox_id": "additionally",
    "toolbox_init": [
      "<value name=\"location\"><block type=\"text\"><field name=\"TEXT\">location</field></block></value>"
    ],
    "inputs": [
      "location"
    ],
    "fields": [
      "name",
      "list"
    ]
  }
}