{
  "args0": [
    {
      "type": "input_value",
      "name": "item",
      "check": "MCItem"
    },
    {
      "type": "input_value",
      "name": "uudi",
      "check": "String"
    }
  ],
  "inputsInline": true,
  "output": "Boolean",
  "colour": "#609986",
  "mcreator": {
    "toolbox_id": "locksmith_support",
    "toolbox_init": [
      "<value name=\"item\"><block type=\"mcitem_all\"><field name=\"value\"></field></block></value>",
      "<value name=\"uudi\"><block type=\"text\"><field name=\"TEXT\">12345678-abcd-1234-ef01-1234567890ab</field></block></value>"
    ],
    "inputs": [
      "item",
      "uudi"
    ]
  }
}