{
  "args0": [
    {
      "type": "field_data_list_selector",
      "name": "gui",
      "datalist": "moddedscreens"
    },
    {
      "type": "input_value",
      "name": "entity",
      "check": "Entity"
    },
    {
      "type": "input_value",
      "name": "X",
      "check": "Number"
    },
    {
      "type": "input_value",
      "name": "Y",
      "check": "Number"
    },
    {
      "type": "input_value",
      "name": "Z",
      "check": "Number"
    }
  ],
  "inputsInline": true,
  "previousStatement": null,
  "nextStatement": null,
  "colour": "#609994",
  "mcreator": {
    "toolbox_id": "additionally",
    "toolbox_init": [
      "<value name=\"entity\"><block type=\"entity_from_deps\"></block></value>",
      "<value name=\"X\"><block type=\"coord_x\"></block></value>",
      "<value name=\"Y\"><block type=\"coord_y\"></block></value>",
      "<value name=\"Z\"><block type=\"coord_z\"></block></value>"
    ],
    "inputs": [
      "entity",
      "X",
      "Y",
      "Z"
    ],
    "fields": [
      "gui"
    ]
  }
}