{
  "args0": [
    {
      "type": "input_value",
      "name": "gem",
      "check": "MCItem"
    },
    {
      "type": "input_value",
      "name": "item",
      "check": "MCItem"
    },
    {
      "type": "input_value",
      "name": "entity",
      "check": "Entity"
    }
  ],
  "inputsInline": true,
  "previousStatement": null,
  "nextStatement": null,
  "colour": "#996069",
  "mcreator": {
    "toolbox_id": "passive_skill_tree_support",
    "toolbox_init": [
      "<value name=\"gem\"><block type=\"mcitem_all\"><field name=\"value\"></field></block></value>",
      "<value name=\"item\"><block type=\"mcitem_all\"><field name=\"value\"></field></block></value>",
      "<value name=\"entity\"><block type=\"entity_from_deps\"></block></value>"
    ],
    "inputs": [
      "gem",
      "item",
      "entity"
    ]
  }
}