{
  "args0": [
    {
      "type": "input_value",
      "name": "mana",
      "check": "Number"
    },
    {
      "type": "field_image",
      "src": "./res/client.png",
      "width": "8",
      "height": "24"
    }
  ],
  "inputsInline": true,
  "previousStatement": null,
  "nextStatement": null,
  "colour": "#609994",
  "mcreator": {
    "toolbox_id": "irons_spellsn_spellbooks_support",
    "toolbox_init": [
      "<value name=\"mana\"><block type=\"math_number\"><field name=\"NUM\">0</field></block></value>"
    ],
    "inputs": [
      "mana"
    ]
  }
}