{
  "args0": [
    {
      "type": "field_dropdown",
      "name": "season",
      "options": [
        [
          "EARLY_SUMMER",
          "EARLY_SUMMER"
        ],
        [
          "EARLY_WINTER",
          "EARLY_WINTER"
        ],
        [
          "EARLY_AUTUMN",
          "EARLY_AUTUMN"
        ],
        [
          "EARLY_SPRING",
          "EARLY_SPRING"
        ],
        [
          "MID_SPRING",
          "MID_SPRING"
        ],
        [
          "MID_AUTUMN",
          "MID_AUTUMN"
        ],
        [
          "MID_WINTER",
          "MID_WINTER"
        ],
        [
          "MID_SUMMER",
          "MID_SUMMER"
        ],
        [
          "LATE_SUMMER",
          "LATE_SUMMER"
        ],
        [
          "LATE_WINTER",
          "LATE_WINTER"
        ],
        [
          "LATE_AUTUMN",
          "LATE_AUTUMN"
        ],
        [
          "LATE_SPRING",
          "LATE_SPRING"
        ]
      ]
    },
    {
      "type": "input_value",
      "name": "entity",
      "check": "Entity"
    }
  ],
  "inputsInline": true,
  "previousStatement": null,
  "nextStatement": null,
  "colour": "#608a99",
  "mcreator": {
    "toolbox_id": "serene_seasons_support",
    "toolbox_init": [
      "<value name=\"entity\"><block type=\"entity_from_deps\"></block></value>"
    ],
    "inputs": [
      "entity"
    ],
    "fields": [
      "season"
    ]
  }
}