{
  "args0": [
    {
      "type": "input_value",
      "name": "name",
      "check": "String"
    },
    {
      "type": "input_value",
      "name": "location",
      "check": "String"
    }
  ],
  "inputsInline": true,
  "previousStatement": null,
  "nextStatement": null,
  "colour": "#995599",
  "mcreator": {
    "toolbox_id": "fancy_menu",
    "toolbox_init": [
      "<value name=\"name\"><block type=\"text\"><field name=\"TEXT\">name</field></block></value>",
      "<value name=\"location\"><block type=\"text\"><field name=\"TEXT\">location</field></block></value>"
    ],
    "inputs": [
      "name",
      "location"
    ]
  }
}