{
  "args0": [
    {
      "type": "input_value",
      "name": "player",
      "check": "Entity"
    },
    {
      "type": "input_value",
      "name": "number",
      "check": "Number"
    },
    {
      "type": "field_dropdown",
      "name": "name",
      "options": [
        [
          "TicksHyperthermic",
          "TicksHyperthermic"
        ],
        [
          "PercentHyperthermic",
          "PercentHyperthermic"
        ],
        [
          "TemperatureForPlayer",
          "TemperatureForPlayer"
        ]
      ]
    }
  ],
  "inputsInline": true,
  "output": "Boolean",
  "colour": "#606999",
  "mcreator": {
    "toolbox_id": "tought_as_nails",
    "toolbox_init": [
      "<value name=\"player\"><block type=\"entity_from_deps\"></block></value>",
      "<value name=\"number\"><block type=\"math_number\"><field name=\"NUM\">5</field></block></value>"
    ],
    "inputs": [
      "player",
      "number"
    ],
    "fields": [
      "name"
    ]
  }
}