{
  "args0": [
    {
      "type": "input_value",
      "name": "number",
      "check": "Number"
    },
    {
      "type": "input_value",
      "name": "entity",
      "check": "Entity"
    }
  ],
  "inputsInline": true,
  "previousStatement": null,
  "nextStatement": null,
  "colour": "#609994",
  "mcreator": {
    "toolbox_id": "tought_as_nails",
    "toolbox_init": [
      "<value name=\"number\"><block type=\"math_number\"><field name=\"NUM\">40</field></block></value>",
      "<value name=\"entity\"><block type=\"entity_from_deps\"></block></value>"
    ],
    "inputs": [
      "number",
      "entity"
    ]
  }
}