{
  "args0": [
    {
      "type": "input_value",
      "name": "entity",
      "check": "Entity"
    },
    {
      "type": "input_value",
      "name": "number",
      "check": "Number"
    }
  ],
  "inputsInline": true,
  "output": "Number",
  "colour": "#606999",
  "mcreator": {
    "toolbox_id": "tought_as_nails",
    "toolbox_init": [
      "<value name=\"entity\"><block type=\"entity_from_deps\"></block></value>",
      "<value name=\"number\"><block type=\"math_number\"><field name=\"NUM\">5</field></block></value>"
    ],
    "inputs": [
      "entity",
      "number"
    ]
  }
}