{
  "args0": [
    {
      "type": "field_dropdown",
      "name": "add",
      "options": [
        [
          "Drink",
          "Drink"
        ],
        [
          "Food",
          "Food"
        ]
      ]
    },
    {
      "type": "input_value",
      "name": "itemstack",
      "check": "MCItem"
    },
    {
      "type": "input_value",
      "name": "thirst",
      "check": "Number"
    },
    {
      "type": "input_value",
      "name": "quenched",
      "check": "Number"
    }
  ],
  "inputsInline": true,
  "previousStatement": null,
  "nextStatement": null,
  "colour": "#996069",
  "mcreator": {
    "toolbox_id": "thirst_was_taken",
    "toolbox_init": [
      "<value name=\"itemstack\"><block type=\"mcitem_all\"><field name=\"value\"></field></block></value>",
      "<value name=\"thirst\"><block type=\"math_number\"><field name=\"NUM\">5</field></block></value>",
      "<value name=\"quenched\"><block type=\"math_number\"><field name=\"NUM\">0</field></block></value>"
    ],
    "inputs": [
      "itemstack",
      "thirst",
      "quenched"
    ],
    "fields": [
      "add"
    ]
  }
}