{
  "args0": [
    {
      "type": "input_value",
      "name": "item",
      "check": "MCItem"
    },
    {
      "type": "field_dropdown",
      "name": "name",
      "options": [
        [
          "isFood",
          "isFood"
        ],
        [
          "isDrink",
          "isDrink"
        ],
        [
          "itemRestoresThirst",
          "itemRestoresThirst"
        ]
      ]
    }
  ],
  "inputsInline": true,
  "output": "Boolean",
  "colour": "#607b99",
  "mcreator": {
    "toolbox_id": "thirst_was_taken",
    "toolbox_init": [
      "<value name=\"item\"><block type=\"mcitem_all\"><field name=\"value\"></field></block></value>"
    ],
    "inputs": [
      "item"
    ],
    "fields": [
      "name"
    ]
  }
}