{
  "args0": [
    {
      "type": "input_value",
      "name": "item",
      "check": "MCItem"
    },
    {
      "type": "field_dropdown",
      "name": "name",
      "options": [
        [
          "advanced_crystals",
          "advanced_crystals"
        ],
        [
          "alchemy_bottles",
          "alchemy_bottles"
        ],
        [
          "alchemy_potions",
          "alchemy_potions"
        ],
        [
          "all_crystals",
          "all_crystals"
        ],
        [
          "arcane_gold_block",
          "arcane_gold_block"
        ],
        [
          "arcane_gold_ingot",
          "arcane_gold_ingot"
        ],
        [
          "arcane_gold_nugget",
          "arcane_gold_nugget"
        ],
        [
          "arcane_gold_ores",
          "arcane_gold_ores"
        ],
        [
          "arcane_lumos",
          "arcane_lumos"
        ],
        [
          "arcane_wood_logs",
          "arcane_wood_logs"
        ],
        [
          "arcanum_ores",
          "arcanum_ores"
        ],
        [
          "calxs",
          "calxs"
        ],
        [
          "crystal_seeds",
          "crystal_seeds"
        ],
        [
          "crystals",
          "crystals"
        ],
        [
          "dyeable_arcane_lumos",
          "dyeable_arcane_lumos"
        ],
        [
          "faceted_crystals",
          "faceted_crystals"
        ],
        [
          "fractured_crystals",
          "fractured_crystals"
        ],
        [
          "hellish_mushroom_brew_ingredients",
          "hellish_mushroom_brew_ingredients"
        ],
        [
          "innocent_wood_logs",
          "innocent_wood_logs"
        ],
        [
          "masterful_crystals",
          "masterful_crystals"
        ],
        [
          "mor_brew_ingredients",
          "mor_brew_ingredients"
        ],
        [
          "mushroom_brew_ingredients",
          "mushroom_brew_ingredients"
        ],
        [
          "nether_salt_ores",
          "nether_salt_ores"
        ],
        [
          "pure_crystals",
          "pure_crystals"
        ],
        [
          "raw_arcane_gold",
          "raw_arcane_gold"
        ],
        [
          "ritual_breeding_food",
          "ritual_breeding_food"
        ],
        [
          "scythes",
          "scythes"
        ]
      ]
    }
  ],
  "inputsInline": true,
  "output": "Boolean",
  "colour": "#607c99",
  "mcreator": {
    "toolbox_id": "wizards_reborn_support",
    "toolbox_init": [
      "<value name=\"item\"><block type=\"mcitem_all\"><field name=\"value\"></field></block></value>"
    ],
    "inputs": [
      "item"
    ],
    "fields": [
      "name"
    ]
  }
}