{
  "args0": [
    {
      "type": "input_value",
      "name": "toast",
      "check": "Toast"
    },
    {
      "type": "field_image",
      "src": "./res/client.png",
      "width": "8",
      "height": "24"
    }
  ],
  "inputsInline": true,
  "previousStatement": null,
  "nextStatement": null,
  "colour": "#699960",
  "mcreator": {
    "toolbox_id": "toasts",
    "toolbox_init": [
      "<value name=\"toast\"><block type=\"variables_get_toast\"><mutation xmlns=\"http://www.w3.org/1999/xhtml\" is_player_var=\"false\" has_entity=\"false\"></mutation><field name=\"VAR\"></field></block></value>"
    ],
    "inputs": [
      "toast"
    ]
  }
}